video_id,title,channel_title,category_title,region,views,likes,dislikes,comment_count,engagement_rate,trending_date,publish_time
_I_D_8Z4sJE,Nicky Jam x J. Balvin - X (EQUIS) | Video Oficial | Prod. Afro Bros & Jeon,NickyJamTV,Music,GB,424538912,2818771,149275,99380,0.0072,2018-04-07,2018-03-02 05:00:19+00:00
9jI-z9QN6g8,"Te Bote Remix - Casper, Nio García, Darell, Nicky Jam, Bad Bunny, Ozuna | Video Oficial",Flow La Movie,Music,GB,337621571,2581961,166549,113564,0.0085,2018-05-18,2018-04-11 22:00:00+00:00
kLpH1nSLJSs,Bad Bunny - Amorfoda | Video Oficial,Bad Bunny,Music,GB,328860380,3823879,215530,225216,0.013,2018-03-23,2018-02-15 00:00:03+00:00
wfWkmURBNv8,Ozuna x Romeo Santos - El Farsante Remix,Ozuna,Music,GB,288811992,1618180,151147,67506,0.0064,2018-03-01,2018-01-30 15:00:05+00:00
VYOjWnS4cMY,Childish Gambino - This Is America (Official Video),ChildishGambinoVEVO,Music,GB,259721696,5444541,379862,553371,0.0246,2018-06-11,2018-05-06 04:00:07+00:00
xpVfcZ0ZcFM,Drake - God’s Plan,DrakeVEVO,Music,GB,258164991,4737873,117198,301756,0.02,2018-03-25,2018-02-17 05:00:01+00:00
ffxKSjUwKdU,Ariana Grande - No Tears Left To Cry,ArianaGrandeVevo,Music,GB,208876887,3394437,150086,259613,0.0182,2018-05-26,2018-04-20 04:00:03+00:00
zEf423kYfqk,"Becky G, Natti Natasha - Sin Pijama (Official Video)",BeckyGVEVO,Music,GB,200862743,1668418,142569,97826,0.0095,2018-05-26,2018-04-20 10:40:51+00:00
FlsCjmMhFmw,YouTube Rewind: The Shape of 2017 | #YouTubeRewind,YouTube Spotlight,Entertainment,GB,169884583,3312868,1753274,845233,0.0348,2017-12-24,2017-12-06 17:58:51+00:00
sGIm0-dQd8M,Dura - Daddy Yankee (Video Oficial),Daddy Yankee,Music,GB,167456025,1633407,74005,65395,0.0106,2018-02-14,2018-01-18 22:32:49+00:00
TyHvyGVs42U,"Luis Fonsi, Demi Lovato - Échame La Culpa",LuisFonsiVEVO,Music,GB,143408235,2686169,137938,144217,0.0207,2017-12-01,2017-11-17 05:00:01+00:00
2Vv-BfVoq4g,Ed Sheeran - Perfect (Official Music Video),Ed Sheeran,Music,GB,138578860,2584773,49428,113639,0.0198,2017-11-27,2017-11-09 11:04:14+00:00
M4ZoCHID9GI,The Weeknd - Call Out My Name (Official Video),TheWeekndVEVO,Music,GB,138535053,1493942,44048,57119,0.0115,2018-05-19,2018-04-12 16:00:04+00:00
Ck4xHocysLw,Ozuna - Única (Video Oficial) 🐻 A U R A,Ozuna,Music,GB,137081637,824296,44012,27109,0.0065,2018-06-02,2018-04-26 17:52:13+00:00
7C2z4GqqS5E,BTS (방탄소년단) 'FAKE LOVE' Official MV,ibighit,Music,US,123010920,5613827,206892,1228655,0.0573,2018-06-01,2018-05-18 09:00:02+00:00
tCXGJQYZ9JA,Taylor Swift - Delicate,TaylorSwiftVEVO,Music,GB,117270304,2161260,133428,175635,0.0211,2018-04-17,2018-03-12 01:15:10+00:00
U9BwWKXjVaI,Drake - Nice For What,DrakeVEVO,Music,GB,106147032,1275948,52924,65066,0.0131,2018-05-13,2018-04-07 02:46:31+00:00
au2n7VVGv_c,Post Malone - Psycho ft. Ty Dolla $ign,PostMaloneVEVO,Music,GB,105629911,1340938,41651,45784,0.0135,2018-04-28,2018-03-23 04:00:00+00:00
6ZfuNTqbHE8,Marvel Studios' Avengers: Infinity War Official Trailer,Marvel Entertainment,Entertainment,GB,100672931,2701353,56313,368739,0.0311,2017-12-14,2017-11-29 13:26:24+00:00
fGqdIPer-ms,Migos - Walk It Talk It ft. Drake,MigosVEVO,Music,GB,100159686,1339372,67821,73838,0.0148,2018-04-24,2018-03-18 21:49:53+00:00
DkeiKbqa02g,"Calvin Harris, Dua Lipa - One Kiss (Official Video)",CalvinHarrisVEVO,Music,GB,99282704,1003879,46089,30620,0.0109,2018-06-02,2018-05-02 23:01:00+00:00
i0p1bmr0EmE,TWICE What is Love? M/V,jypentertainment,Music,GB,98250935,1461215,133068,274087,0.019,2018-05-14,2018-04-09 08:59:51+00:00
JNkTNAknE4I,Romeo Santos - Sobredosis (Official Video) ft. Ozuna,RomeoSantosVEVO,Music,GB,94344388,322360,25183,7941,0.0038,2018-03-30,2018-02-21 23:49:59+00:00
xTlNMmZKwpA,"Cardi B, Bad Bunny & J Balvin - I Like It [Official Music Video]",Cardi B,Music,GB,94254507,1816753,102474,101077,0.0214,2018-06-14,2018-05-29 14:05:10+00:00
WtE011iVx1Q,"Sebastián Yatra - Por Perro ft. Luis Figueroa, Lary Over",SebastianYatraVEVO,Music,GB,92838957,518759,22739,19482,0.006,2018-05-05,2018-03-30 04:00:02+00:00
sD9_l3oDOag,Sebastián Yatra - No Hay Nadie Más,SebastianYatraVEVO,Music,GB,92771184,579534,13946,18573,0.0066,2018-02-23,2018-01-26 05:00:01+00:00
VTzD0jNdrmo,Rkm & Ken-Y ❌ Natti Natasha - Tonta [Official Video],Pina Records,Music,GB,90788918,518612,37336,16793,0.0063,2018-03-18,2018-02-09 14:06:54+00:00
LsoLEjrDogU,Bruno Mars - Finesse (Remix) [Feat. Cardi B] [Official Video],Bruno Mars,Music,GB,90598955,2248693,93089,151099,0.0275,2018-01-18,2018-01-04 04:49:43+00:00
gu9_m0vm7fM,Enrique Iglesias - EL BAÑO ft. Bad Bunny,EnriqueIglesiasVEVO,Music,GB,90111676,980263,113549,65517,0.0129,2018-02-06,2018-01-12 08:00:02+00:00
-BQJo3vK8O8,Maluma - El Préstamo (Official Video),MalumaVEVO,Music,US,87264467,815369,71494,35945,0.0106,2018-03-25,2018-03-09 11:00:01+00:00
dfnCAmr569k,"Taylor Swift - End Game ft. Ed Sheeran, Future",TaylorSwiftVEVO,Music,GB,87043012,2153475,125686,161972,0.028,2018-02-06,2018-01-12 05:00:01+00:00
iWZmdoY1aTE,Ed Sheeran - Happier (Official Video),Ed Sheeran,Music,GB,82158039,1494346,37963,70756,0.0195,2018-06-02,2018-04-27 08:40:14+00:00
aJOTlE1K90k,Maroon 5 - Girls Like You ft. Cardi B,Maroon5VEVO,Music,GB,82032462,2677256,48906,150549,0.0351,2018-06-11,2018-05-31 04:00:00+00:00
36tggrpRoTI,Shawn Mendes - In My Blood,ShawnMendesVEVO,Music,GB,77400236,1548451,22106,76066,0.0213,2018-05-30,2018-04-24 16:00:01+00:00
817P8W8-mGE,Ed Sheeran - Perfect Duet (with Beyoncé) [Official Audio],Ed Sheeran,Music,GB,76816483,1221200,39201,51421,0.0171,2017-12-15,2017-12-01 00:54:56+00:00
z5WrgDzNIZ0,6IX9INE Gotti (WSHH Exclusive - Official Music Video),WORLDSTARHIPHOP,Music,GB,76687716,1059582,119267,141358,0.0172,2018-05-17,2018-04-15 18:58:59+00:00
zkG4Xpz6t68,Shakira - Trap (Official Video) ft. Maluma,shakiraVEVO,Music,GB,76024264,862536,155954,93053,0.0146,2018-02-24,2018-01-26 14:00:05+00:00
Mgfe5tIwOj0,Dua Lipa - IDGAF (Official Music Video),Dua Lipa,Music,GB,75532895,1684437,50122,67130,0.0239,2018-02-06,2018-01-12 12:00:07+00:00
vjI4Alon-3Q,Maluma - Marinero (Official Video),MalumaVEVO,Music,GB,74630710,915895,69808,56494,0.014,2018-06-09,2018-05-04 10:00:33+00:00
BQ31l1gPGKM,J. Balvin - Ahora,jbalvinVEVO,Music,GB,74572317,610489,26045,25437,0.0089,2018-04-03,2018-02-26 05:00:01+00:00
pgN-vvVVxMA,XXXTENTACION - SAD!,xxxtentacion,Music,GB,72660090,1348854,24139,98495,0.0203,2018-04-07,2018-03-02 05:05:53+00:00
NV-3s2wwC8c,BlocBoy JB & Drake Look Alive Prod By: Tay Keith (Official Music Video) Shot By: @Fredrivk_Ali,BlocBoy JB,Music,GB,72469458,729263,27323,41072,0.011,2018-03-17,2018-02-09 05:03:31+00:00
UceaB4D0jpo,Post Malone - rockstar ft. 21 Savage,PostMaloneVEVO,Music,GB,71173287,1642648,52596,108846,0.0253,2017-12-06,2017-11-22 05:00:01+00:00
l_lblj8Cq0o,"G-Eazy - No Limit REMIX ft. A$AP Rocky, Cardi B, French Montana, Juicy J, Belly",GEazyMusicVEVO,Music,GB,71069947,895394,57096,49552,0.0141,2018-01-09,2017-12-19 20:00:05+00:00
liczsmUSMA4,"J. Balvin, Jeon, Anitta - Machika",jbalvinVEVO,Music,GB,70001631,1183998,107821,86815,0.0197,2018-02-14,2018-01-19 05:00:01+00:00
LPTlvQ1Zet0,"21 Savage, Offset, Metro Boomin - Ric Flair Drip",21SavageVEVO,Music,GB,69907195,835963,30861,40903,0.013,2018-04-07,2018-03-01 14:00:02+00:00
JQbjS0_ZfJ0,"Kendrick Lamar, SZA - All The Stars",KendrickLamarVEVO,Music,GB,69257303,1021380,24463,54073,0.0159,2018-03-15,2018-02-06 17:00:02+00:00
Iwz4P8HfGVM,"David Bisbal, Sebastian Yatra - A Partir De Hoy",DavidBisbalVEVO,Music,GB,67670181,439856,15076,10945,0.0069,2018-04-21,2018-03-16 04:00:00+00:00
MGYJuETPQEg,Post Malone Feat. Ty Dolla $ign - Psycho (Official Audio),Post Malone,Music,GB,65929869,729339,25305,26657,0.0119,2018-03-31,2018-02-23 05:01:53+00:00
wfWIs2gFTAM,Eminem - River ft. Ed Sheeran,EminemVEVO,Music,GB,65582241,1495054,39195,75173,0.0245,2018-03-14,2018-02-14 15:00:06+00:00
